{"data":{"allGhostSettings":{"edges":[{"node":{"title":"sandip guchait","description":"Thoughts, stories and ideas.","logo":null,"icon":null,"cover_image":"https://static.ghost.org/v4.0.0/images/publication-cover.jpg","facebook":"ghost","twitter":"@ghost","lang":"en","timezone":"Etc/UTC","codeinjection_head":null,"codeinjection_foot":null,"codeinjection_styles":"","navigation":[{"label":"Home","url":"/"},{"label":"About","url":"/about/"},{"label":"Author","url":"/author/"}]}}]},"file":{"childImageSharp":{"gatsbyImageData":{"layout":"fixed","backgroundColor":"#383848","images":{"fallback":{"src":"/static/1f5512e171759c8fa66fde174ad5e09e/53973/ghost-icon.png","srcSet":"/static/1f5512e171759c8fa66fde174ad5e09e/53973/ghost-icon.png 30w,\n/static/1f5512e171759c8fa66fde174ad5e09e/7ab40/ghost-icon.png 60w","sizes":"30px"},"sources":[{"srcSet":"/static/1f5512e171759c8fa66fde174ad5e09e/bde72/ghost-icon.webp 30w,\n/static/1f5512e171759c8fa66fde174ad5e09e/927d1/ghost-icon.webp 60w","type":"image/webp","sizes":"30px"}]},"width":30,"height":30}}}}}