{"polyfill":["/polyfill-76c6ada334bb909ec7cd.js"],"app":["/app-35bb7d5ea9823bb29a66.js"],"component---cache-caches-gatsby-plugin-offline-app-shell-js":["/component---cache-caches-gatsby-plugin-offline-app-shell-js-18c36fa06bc2bfcb121d.js"],"component---src-pages-404-js":["/component---src-pages-404-js-5ca5c9fb2f9e68d82b71.js"],"component---src-templates-author-js":["/component---src-templates-author-js-d8228ecf1c6f4e71b065.js"],"component---src-templates-index-js":["/component---src-templates-index-js-6e5d1ddd0b89c8382ef7.js"],"component---src-templates-page-js":["/component---src-templates-page-js-589225c30015d17e0760.js"],"component---src-templates-post-js":["/component---src-templates-post-js-417fbd18c175aa94e2ed.js"],"component---src-templates-tag-js":["/component---src-templates-tag-js-51f1dd6401b43660d070.js"]}