{"name":"build-javascript","namedChunkGroups":{"polyfill":{"name":"polyfill","assets":[{"name":"webpack-runtime-416ff11da0492ee62c86.js","size":5836},{"name":"polyfill-76c6ada334bb909ec7cd.js","size":85858}],"filteredAssets":0,"assetsSize":91694,"filteredAuxiliaryAssets":2,"auxiliaryAssetsSize":229818},"app":{"name":"app","assets":[{"name":"webpack-runtime-416ff11da0492ee62c86.js","size":5836},{"name":"framework-3cf59f75de8f1491e22f.js","size":205468},{"name":"app-35bb7d5ea9823bb29a66.js","size":70623}],"filteredAssets":0,"assetsSize":281927,"filteredAuxiliaryAssets":3,"auxiliaryAssetsSize":797099},"component---cache-caches-gatsby-plugin-offline-app-shell-js":{"name":"component---cache-caches-gatsby-plugin-offline-app-shell-js","assets":[{"name":"component---cache-caches-gatsby-plugin-offline-app-shell-js-18c36fa06bc2bfcb121d.js","size":535}],"filteredAssets":0,"assetsSize":535,"filteredAuxiliaryAssets":1,"auxiliaryAssetsSize":1658},"component---src-pages-404-js":{"name":"component---src-pages-404-js","assets":[{"name":"styles.eb9084e6b78577717b0f.css","size":12498},{"name":"963770468657bcef9bfd35ecdfa091b18a4c2f64-b5d27aa6d3988fa1a67d.js","size":78053},{"name":"component---src-pages-404-js-5ca5c9fb2f9e68d82b71.js","size":629}],"filteredAssets":0,"assetsSize":91180,"filteredAuxiliaryAssets":2,"auxiliaryAssetsSize":447209},"component---src-templates-author-js":{"name":"component---src-templates-author-js","assets":[{"name":"styles.eb9084e6b78577717b0f.css","size":12498},{"name":"963770468657bcef9bfd35ecdfa091b18a4c2f64-b5d27aa6d3988fa1a67d.js","size":78053},{"name":"cb7ff614a03144592d7181ec1b235ec5408e91ad-f02d0ae65dcae875e9e2.js","size":40119},{"name":"component---src-templates-author-js-d8228ecf1c6f4e71b065.js","size":1583}],"filteredAssets":0,"assetsSize":132253,"filteredAuxiliaryAssets":3,"auxiliaryAssetsSize":675994},"component---src-templates-index-js":{"name":"component---src-templates-index-js","assets":[{"name":"styles.eb9084e6b78577717b0f.css","size":12498},{"name":"963770468657bcef9bfd35ecdfa091b18a4c2f64-b5d27aa6d3988fa1a67d.js","size":78053},{"name":"cb7ff614a03144592d7181ec1b235ec5408e91ad-f02d0ae65dcae875e9e2.js","size":40119},{"name":"component---src-templates-index-js-6e5d1ddd0b89c8382ef7.js","size":671}],"filteredAssets":0,"assetsSize":131341,"filteredAuxiliaryAssets":3,"auxiliaryAssetsSize":672331},"component---src-templates-page-js":{"name":"component---src-templates-page-js","assets":[{"name":"styles.eb9084e6b78577717b0f.css","size":12498},{"name":"963770468657bcef9bfd35ecdfa091b18a4c2f64-b5d27aa6d3988fa1a67d.js","size":78053},{"name":"cb7ff614a03144592d7181ec1b235ec5408e91ad-f02d0ae65dcae875e9e2.js","size":40119},{"name":"component---src-templates-page-js-589225c30015d17e0760.js","size":818}],"filteredAssets":0,"assetsSize":131488,"filteredAuxiliaryAssets":3,"auxiliaryAssetsSize":672137},"component---src-templates-post-js":{"name":"component---src-templates-post-js","assets":[{"name":"styles.eb9084e6b78577717b0f.css","size":12498},{"name":"963770468657bcef9bfd35ecdfa091b18a4c2f64-b5d27aa6d3988fa1a67d.js","size":78053},{"name":"cb7ff614a03144592d7181ec1b235ec5408e91ad-f02d0ae65dcae875e9e2.js","size":40119},{"name":"component---src-templates-post-js-417fbd18c175aa94e2ed.js","size":1014}],"filteredAssets":0,"assetsSize":131684,"filteredAuxiliaryAssets":3,"auxiliaryAssetsSize":672777},"component---src-templates-tag-js":{"name":"component---src-templates-tag-js","assets":[{"name":"styles.eb9084e6b78577717b0f.css","size":12498},{"name":"963770468657bcef9bfd35ecdfa091b18a4c2f64-b5d27aa6d3988fa1a67d.js","size":78053},{"name":"cb7ff614a03144592d7181ec1b235ec5408e91ad-f02d0ae65dcae875e9e2.js","size":40119},{"name":"component---src-templates-tag-js-51f1dd6401b43660d070.js","size":841}],"filteredAssets":0,"assetsSize":131511,"filteredAuxiliaryAssets":3,"auxiliaryAssetsSize":672755}},"assetsByChunkName":{"polyfill":["webpack-runtime-416ff11da0492ee62c86.js","polyfill-76c6ada334bb909ec7cd.js"],"app":["webpack-runtime-416ff11da0492ee62c86.js","framework-3cf59f75de8f1491e22f.js","app-35bb7d5ea9823bb29a66.js"],"component---cache-caches-gatsby-plugin-offline-app-shell-js":["component---cache-caches-gatsby-plugin-offline-app-shell-js-18c36fa06bc2bfcb121d.js"],"component---src-pages-404-js":["styles.eb9084e6b78577717b0f.css","963770468657bcef9bfd35ecdfa091b18a4c2f64-b5d27aa6d3988fa1a67d.js","component---src-pages-404-js-5ca5c9fb2f9e68d82b71.js"],"component---src-templates-author-js":["styles.eb9084e6b78577717b0f.css","963770468657bcef9bfd35ecdfa091b18a4c2f64-b5d27aa6d3988fa1a67d.js","cb7ff614a03144592d7181ec1b235ec5408e91ad-f02d0ae65dcae875e9e2.js","component---src-templates-author-js-d8228ecf1c6f4e71b065.js"],"component---src-templates-index-js":["styles.eb9084e6b78577717b0f.css","963770468657bcef9bfd35ecdfa091b18a4c2f64-b5d27aa6d3988fa1a67d.js","cb7ff614a03144592d7181ec1b235ec5408e91ad-f02d0ae65dcae875e9e2.js","component---src-templates-index-js-6e5d1ddd0b89c8382ef7.js"],"component---src-templates-page-js":["styles.eb9084e6b78577717b0f.css","963770468657bcef9bfd35ecdfa091b18a4c2f64-b5d27aa6d3988fa1a67d.js","cb7ff614a03144592d7181ec1b235ec5408e91ad-f02d0ae65dcae875e9e2.js","component---src-templates-page-js-589225c30015d17e0760.js"],"component---src-templates-post-js":["styles.eb9084e6b78577717b0f.css","963770468657bcef9bfd35ecdfa091b18a4c2f64-b5d27aa6d3988fa1a67d.js","cb7ff614a03144592d7181ec1b235ec5408e91ad-f02d0ae65dcae875e9e2.js","component---src-templates-post-js-417fbd18c175aa94e2ed.js"],"component---src-templates-tag-js":["styles.eb9084e6b78577717b0f.css","963770468657bcef9bfd35ecdfa091b18a4c2f64-b5d27aa6d3988fa1a67d.js","cb7ff614a03144592d7181ec1b235ec5408e91ad-f02d0ae65dcae875e9e2.js","component---src-templates-tag-js-51f1dd6401b43660d070.js"]},"childAssetsByChunkName":{}}